dataset,method,trial_id,auc_tune,lambda_scale,lambda_abs
Sandiego,SSCTV,1,0.9696428571428573,0.75,0.005455447255899809
Sandiego,SSCTV,2,0.967984693877551,1.0,0.007273929674533079
Sandiego,SSCTV,3,0.9649234693877551,1.25,0.009092412093166349
